"id","containerID","name","quantity","notes","tags","createdAt","updatedAt"
"78662036-F073-42B3-989F-4CAC48A97346","CCB81AC8-02E9-4540-98F1-0DB254666E0B","Battery tea lights","12","","holiday|lights","2025-01-05T18:00:00Z","2025-01-29T20:00:00Z"
"8CAA2108-E302-40BC-BC15-A8DAF10DCEFB","CCB81AC8-02E9-4540-98F1-0DB254666E0B","Wrapping paper bows","20","","holiday|gift wrap","2025-01-06T00:00:00Z","2025-01-30T00:00:00Z"
"E5FC6E88-FCD2-41BD-BE5F-697EEB91B82F","CCB81AC8-02E9-4540-98F1-0DB254666E0B","Mini felt stockings","5","","holiday|decor","2025-01-06T06:00:00Z","2025-01-30T04:00:00Z"
"06AED467-26DF-4244-826D-E097F8AEC2CA","CCB81AC8-02E9-4540-98F1-0DB254666E0B","Ribbon spools","3","","holiday|ribbon","2025-01-06T12:00:00Z","2025-01-30T08:00:00Z"
"DD666AEE-3A67-4AD6-802A-2E06B1C4ABF6","CCB81AC8-02E9-4540-98F1-0DB254666E0B","Spare light bulbs","8","","holiday|lights","2025-01-06T18:00:00Z","2025-01-30T12:00:00Z"
"4FA793EA-7117-4365-AD05-ADC6E17EA204","CCB81AC8-02E9-4540-98F1-0DB254666E0B","Extension cord","","","holiday|power","2025-01-07T00:00:00Z","2025-01-30T16:00:00Z"
"35C2EB3A-3383-4E27-9AA9-DA7201A9D04D","CCB81AC8-02E9-4540-98F1-0DB254666E0B","Stocking hooks","6","","holiday|mantel","2025-01-07T06:00:00Z","2025-01-30T20:00:00Z"
"FBA47F69-0281-4ED7-B62D-C1AE0D5C7B70","CCB81AC8-02E9-4540-98F1-0DB254666E0B","Mini ornament hangers","60","","holiday|supplies","2025-01-07T12:00:00Z","2025-01-31T00:00:00Z"
"197C3A6A-E101-43FD-832C-0AAA6499E0DC","CCB81AC8-02E9-4540-98F1-0DB254666E0B","Mantel garland clips","10","","holiday|hardware","2025-01-07T18:00:00Z","2025-01-31T04:00:00Z"
"62CB2221-0521-4556-A361-3BE53286DBF8","CCB81AC8-02E9-4540-98F1-0DB254666E0B","Tree topper star","6","","holiday|tree","2025-01-08T00:00:00Z","2025-01-31T08:00:00Z"
"EBCDFFC3-B464-4F86-ABA0-A93215CBA385","CCB81AC8-02E9-4540-98F1-0DB254666E0B","Warm white string lights","4","Usually packed near the top.","holiday|lights","2025-01-08T06:00:00Z","2025-01-31T12:00:00Z"
"97378F78-6262-425A-836F-C9CD11A24109","CCB81AC8-02E9-4540-98F1-0DB254666E0B","Storage bags for wreaths","2","","holiday|storage","2025-01-08T12:00:00Z","2025-01-31T16:00:00Z"
"A12F2487-E3FA-43BF-B34C-8348B9806C40","CCB81AC8-02E9-4540-98F1-0DB254666E0B","Garland ties","12","","holiday|decor","2025-01-08T18:00:00Z","2025-01-31T20:00:00Z"
"D8E9B2A9-3286-4ADE-B460-824EAB3EFBC6","CCB81AC8-02E9-4540-98F1-0DB254666E0B","Pinecone picks","10","Usually packed near the top.","holiday|decor","2025-01-09T00:00:00Z","2025-02-01T00:00:00Z"
"B7D109FC-1286-4AA7-AE70-7FDC33BB9025","CCB81AC8-02E9-4540-98F1-0DB254666E0B","Silver shatterproof ornaments","24","Usually packed near the top.","holiday|ornaments","2025-01-09T06:00:00Z","2025-02-01T04:00:00Z"
"EA676401-C092-48F4-8611-3B3E99A608BC","CCB81AC8-02E9-4540-98F1-0DB254666E0B","Santa figurine","3","","holiday|decor","2025-01-09T12:00:00Z","2025-02-01T08:00:00Z"
"23CBA36E-0155-4918-AADC-162A36DC79CA","CCB81AC8-02E9-4540-98F1-0DB254666E0B","Bell garland","","","holiday|decor","2025-01-09T18:00:00Z","2025-02-01T12:00:00Z"
"60DCD73E-3A1B-4EB6-878F-90ABDF96713E","CCB81AC8-02E9-4540-98F1-0DB254666E0B","Cord label tags","8","","holiday|organization","2025-01-10T00:00:00Z","2025-02-01T16:00:00Z"
"96CD872E-4CEE-425B-80E6-E9499FC9B8C0","881CEBDD-B799-4792-8051-34EF47F0ADD6","Witch hat garland","5","Usually packed near the top.","holiday|decor","2025-01-14T18:00:00Z","2025-02-07T20:00:00Z"
"52992421-24B7-4E47-9E9D-E35FC56E6287","881CEBDD-B799-4792-8051-34EF47F0ADD6","Hanging spiders","8","","holiday|decor","2025-01-15T00:00:00Z","2025-02-08T00:00:00Z"
"26569F7A-F977-445F-B059-050653CBF551","881CEBDD-B799-4792-8051-34EF47F0ADD6","Battery pack for lanterns","3","","holiday|power","2025-01-15T06:00:00Z","2025-02-08T04:00:00Z"
"3960B127-3A20-4AA5-B664-00F50E2505F3","881CEBDD-B799-4792-8051-34EF47F0ADD6","Glow stick necklaces","20","","holiday|party","2025-01-15T12:00:00Z","2025-02-08T08:00:00Z"
"70C8CC6C-56B1-4BD9-9A85-E634194C9EF5","881CEBDD-B799-4792-8051-34EF47F0ADD6","Mini tombstone stakes","5","Check before buying duplicates.","holiday|yard","2025-01-15T18:00:00Z","2025-02-08T12:00:00Z"
"7905E05D-DA58-4602-9EB7-3AC10B00A75C","881CEBDD-B799-4792-8051-34EF47F0ADD6","Orange fairy lights","2","","holiday|lights","2025-01-16T00:00:00Z","2025-02-08T16:00:00Z"
"CA1CC450-B997-4975-9ED4-FE123AB4EDC7","881CEBDD-B799-4792-8051-34EF47F0ADD6","Spider web bags","4","","holiday|halloween","2025-01-16T06:00:00Z","2025-02-08T20:00:00Z"
"35504458-D099-4A68-AE73-ADC55DFD07E8","881CEBDD-B799-4792-8051-34EF47F0ADD6","Door wreath hanger","","","holiday|hardware","2025-01-16T12:00:00Z","2025-02-09T00:00:00Z"
"B061B4C8-E0F7-4A42-90D7-C67A7551B168","881CEBDD-B799-4792-8051-34EF47F0ADD6","Black flameless candles","6","","holiday|lighting","2025-01-16T18:00:00Z","2025-02-09T04:00:00Z"
"4726BADD-1E67-4AA2-B45E-CF182BB3DD61","881CEBDD-B799-4792-8051-34EF47F0ADD6","Pumpkin carving tools","","","holiday|kitchen","2025-01-17T00:00:00Z","2025-02-09T08:00:00Z"
"E138BE0D-047D-4E8C-AAC3-B4ACC2917517","B3C50C99-2D34-4440-AC6C-CED63B5C2E6E","Bunny table runner","4","","holiday|table","2025-01-23T18:00:00Z","2025-02-16T20:00:00Z"
"8A402711-95E3-425C-AD68-D23249B1B52F","B3C50C99-2D34-4440-AC6C-CED63B5C2E6E","Egg dye tablets","","","holiday|craft","2025-01-24T00:00:00Z","2025-02-17T00:00:00Z"
"21A01D04-A490-4A55-99F6-541559D0E66C","B3C50C99-2D34-4440-AC6C-CED63B5C2E6E","Ceramic rabbit figurines","2","Used most often during setup.","holiday|decor","2025-01-24T06:00:00Z","2025-02-17T04:00:00Z"
"7DB48034-9A59-487F-9B99-A5DF48A85CC7","B3C50C99-2D34-4440-AC6C-CED63B5C2E6E","Brunch napkin rings","8","Keep together with matching accessories.","holiday|table","2025-01-24T12:00:00Z","2025-02-17T08:00:00Z"
"3F68A23F-0C47-4056-B4D8-7B7D6FD566DF","B3C50C99-2D34-4440-AC6C-CED63B5C2E6E","Pastel paper straws","20","","holiday|party","2025-01-24T18:00:00Z","2025-02-17T12:00:00Z"
"A97DA419-7BC2-4E94-B68B-7962372C98F2","B3C50C99-2D34-4440-AC6C-CED63B5C2E6E","Paint brushes for eggs","5","","holiday|craft","2025-01-25T00:00:00Z","2025-02-17T16:00:00Z"
"210D337A-4304-4A7F-9AFA-16A16FA8DC17","B3C50C99-2D34-4440-AC6C-CED63B5C2E6E","Plastic fillable eggs","30","Check before buying duplicates.","holiday|easter","2025-01-25T06:00:00Z","2025-02-17T20:00:00Z"
"CDBBCD6F-B3E6-4C07-A813-416B3C0356EC","B3C50C99-2D34-4440-AC6C-CED63B5C2E6E","Treat bags","16","Keep together with matching accessories.","holiday|party","2025-01-25T12:00:00Z","2025-02-18T00:00:00Z"
"F8AB1A9F-5BC6-4F41-A08A-519B69CD5B2C","B3C50C99-2D34-4440-AC6C-CED63B5C2E6E","Basket cellophane bags","10","","holiday|gift wrap","2025-01-25T18:00:00Z","2025-02-18T04:00:00Z"
"75E53370-4902-4FAA-AB66-1882488CCABE","B3C50C99-2D34-4440-AC6C-CED63B5C2E6E","Mini chalkboard signs","3","","holiday|table","2025-01-26T00:00:00Z","2025-02-18T08:00:00Z"
"62868B3A-61C0-435F-ADD4-05E50F0F6F04","B3C50C99-2D34-4440-AC6C-CED63B5C2E6E","Bunny ear headbands","4","","holiday|party","2025-01-26T06:00:00Z","2025-02-18T12:00:00Z"
"10385D19-9022-43AE-B599-7D48E3EB9686","B3C50C99-2D34-4440-AC6C-CED63B5C2E6E","Place card holders","6","","holiday|table","2025-01-26T12:00:00Z","2025-02-18T16:00:00Z"
"7A2267D5-8A08-47A9-8584-B08A6A369FEE","C055A9E5-9A27-4A34-B612-C1409A32BC9E","Maple leaf picks","12","Check before buying duplicates.","holiday|floral","2025-02-01T18:00:00Z","2025-02-25T20:00:00Z"
"8EAEC1FC-05DE-44CC-9015-2B232250C03C","C055A9E5-9A27-4A34-B612-C1409A32BC9E","Pumpkin spice candle tins","2","Keep together with matching accessories.","holiday|candles","2025-02-02T00:00:00Z","2025-02-26T00:00:00Z"
"45B03F0C-23B5-49E3-A05A-E9AD63E13988","C055A9E5-9A27-4A34-B612-C1409A32BC9E","Buffalo plaid bows","6","","holiday|decor","2025-02-02T06:00:00Z","2025-02-26T04:00:00Z"
"77A220ED-FC5A-49A1-8930-4190F5430B95","C055A9E5-9A27-4A34-B612-C1409A32BC9E","Twinkle light strand","","Usually packed near the top.","holiday|lights","2025-02-02T12:00:00Z","2025-02-26T08:00:00Z"
"C3C2BE62-D816-4BBB-9578-BFAB1288A7E6","C055A9E5-9A27-4A34-B612-C1409A32BC9E","Amber candle holders","3","","holiday|decor","2025-02-02T18:00:00Z","2025-02-26T12:00:00Z"
"87790F01-32DD-4504-ADF5-E490947517BB","C055A9E5-9A27-4A34-B612-C1409A32BC9E","Lantern filler pinecones","","","holiday|decor","2025-02-03T00:00:00Z","2025-02-26T16:00:00Z"
"046610A7-A5BF-4E0F-AFAD-E547FCF12F77","C055A9E5-9A27-4A34-B612-C1409A32BC9E","Napkin set","8","","holiday|table","2025-02-03T06:00:00Z","2025-02-26T20:00:00Z"
"A47FD1DE-D895-4F5E-B55B-0398A7CB501C","C055A9E5-9A27-4A34-B612-C1409A32BC9E","Crate risers","2","","holiday|display","2025-02-03T12:00:00Z","2025-02-27T00:00:00Z"
"80F52ABD-BE01-4630-BE93-285830A3DE33","C055A9E5-9A27-4A34-B612-C1409A32BC9E","Porch lantern timer","","Good spare to have on hand.","holiday|electronics","2025-02-03T18:00:00Z","2025-02-27T04:00:00Z"
"E736A5CA-EC86-447C-80B1-E59FF8D911DF","C055A9E5-9A27-4A34-B612-C1409A32BC9E","Wood bead garland","","","holiday|decor","2025-02-04T00:00:00Z","2025-02-27T08:00:00Z"
"5FFB3904-B300-41D4-9E77-64797C6DA220","9FA97E22-9524-4073-AA7E-E503CD895A56","Red washi tape","4","Good spare to have on hand.","holiday|craft","2025-02-10T18:00:00Z","2025-03-06T20:00:00Z"
"3F0486F1-D106-4D74-90DD-8B775A53111D","9FA97E22-9524-4073-AA7E-E503CD895A56","Pink tissue paper","8","","holiday|gift wrap","2025-02-11T00:00:00Z","2025-03-07T00:00:00Z"
"4A37A32B-4993-4DDE-B738-638A8248C60A","9FA97E22-9524-4073-AA7E-E503CD895A56","Treat bag toppers","18","","holiday|party","2025-02-11T06:00:00Z","2025-03-07T04:00:00Z"
"F8571367-92FC-4B98-A6DE-8746D80BC235","9FA97E22-9524-4073-AA7E-E503CD895A56","Baker's twine","6","Good spare to have on hand.","holiday|craft","2025-02-11T12:00:00Z","2025-03-07T08:00:00Z"
"F5D89AFC-64EC-45BC-BE7F-0CA9715D7AE8","9FA97E22-9524-4073-AA7E-E503CD895A56","Metallic pens","4","","holiday|craft","2025-02-11T18:00:00Z","2025-03-07T12:00:00Z"
"78DD4C7E-AAFC-4636-96F2-23950054C1CF","9FA97E22-9524-4073-AA7E-E503CD895A56","Red ribbon","2","","holiday|craft","2025-02-12T00:00:00Z","2025-03-07T16:00:00Z"
"61F20E9F-3C5D-4B6E-B2D8-851FAF27786C","022703AD-B090-4D3E-9C08-C5F411B5029B","Tissue pom poms","8","Usually packed near the top.","party|decor","2025-02-19T18:00:00Z","2025-03-15T19:00:00Z"
"BBBBFD7A-DFB9-4F64-9D37-D91CDCE305BB","022703AD-B090-4D3E-9C08-C5F411B5029B","Outdoor extension cord","","Keep together with matching accessories.","party|power","2025-02-20T00:00:00Z","2025-03-15T23:00:00Z"
"06EEBB02-176D-4733-8883-3D93068D632D","022703AD-B090-4D3E-9C08-C5F411B5029B","Plastic serving tongs","2","","party|serveware","2025-02-20T06:00:00Z","2025-03-16T03:00:00Z"
"524DB084-1AC6-4D73-8F6D-56C292841E47","022703AD-B090-4D3E-9C08-C5F411B5029B","Cake server","","Check before buying duplicates.","party|serveware","2025-02-20T12:00:00Z","2025-03-16T07:00:00Z"
"2C9D2809-2E6D-43F8-8018-4003968652DD","022703AD-B090-4D3E-9C08-C5F411B5029B","Treat bags","18","","party|favors","2025-02-20T18:00:00Z","2025-03-16T11:00:00Z"
"DAB18928-EE7C-41E1-A114-1F2A2CD9F432","022703AD-B090-4D3E-9C08-C5F411B5029B","Candles number set","2","","party|cake","2025-02-21T00:00:00Z","2025-03-16T15:00:00Z"
"F271AE27-2EEC-430F-8F80-24B0A4B84B7A","022703AD-B090-4D3E-9C08-C5F411B5029B","Confetti packets","6","","party|decor","2025-02-21T06:00:00Z","2025-03-16T19:00:00Z"
"E1AED317-8E0F-446A-84CB-B3914609A81C","022703AD-B090-4D3E-9C08-C5F411B5029B","Photo booth props","1","","party|decor","2025-02-21T12:00:00Z","2025-03-16T23:00:00Z"
"D863A1E8-D20B-4E0F-A755-B53C5EB49C92","022703AD-B090-4D3E-9C08-C5F411B5029B","Cupcake liners","50","","party|baking","2025-02-21T18:00:00Z","2025-03-17T03:00:00Z"
"E10E833C-29A9-49BA-BD93-3C4631F19DF4","37897616-6169-4612-8D59-162777EC3E11","Animal block set","10","","kids|toys","2025-02-28T18:00:00Z","2025-03-24T19:00:00Z"
"BF45C503-5EEE-4362-9447-B0D7E7A342BD","37897616-6169-4612-8D59-162777EC3E11","Base plates","5","","kids|toys","2025-03-01T00:00:00Z","2025-03-24T23:00:00Z"
"5210038A-7B55-4433-8E43-6E70AE508D7E","37897616-6169-4612-8D59-162777EC3E11","Instruction booklets","","Good spare to have on hand.","kids|toys","2025-03-01T06:00:00Z","2025-03-25T03:00:00Z"
"668C9F53-4EBC-46F5-A7B1-A42AF2A1EA61","37897616-6169-4612-8D59-162777EC3E11","Build challenge cards","","","kids|activity","2025-03-01T12:00:00Z","2025-03-25T07:00:00Z"
"25FB3881-A1A4-481D-8D2F-28F2CB90E0CF","37897616-6169-4612-8D59-162777EC3E11","Plastic building bricks","120","Keep together with matching accessories.","kids|toys","2025-03-01T18:00:00Z","2025-03-25T11:00:00Z"
"23489F64-921D-4B6A-B66B-29BE000D8D87","37897616-6169-4612-8D59-162777EC3E11","Foam mat roads","6","","kids|toys","2025-03-02T00:00:00Z","2025-03-25T15:00:00Z"
"AE881977-3F12-4C00-ABF4-EBB935C2DDE3","37897616-6169-4612-8D59-162777EC3E11","Marble run funnels","12","","kids|toys","2025-03-02T06:00:00Z","2025-03-25T19:00:00Z"
"61C79733-C5F8-465B-A7F2-B29C2B3C7290","37897616-6169-4612-8D59-162777EC3E11","Small screwdriver tool","6","Keep together with matching accessories.","kids|toys","2025-03-02T12:00:00Z","2025-03-25T23:00:00Z"
"E010E2D3-3953-4F3B-ABA0-E7EA531D3244","37897616-6169-4612-8D59-162777EC3E11","Label pouch for missing pieces","1","","kids|organization","2025-03-02T18:00:00Z","2025-03-26T03:00:00Z"
"D235098B-0307-4B07-AE35-56C7776D22A4","37897616-6169-4612-8D59-162777EC3E11","Connector rods","40","Good spare to have on hand.","kids|toys","2025-03-03T00:00:00Z","2025-03-26T07:00:00Z"
"CDC5168A-8207-4C55-BC9A-60A9EF1F4403","37897616-6169-4612-8D59-162777EC3E11","Storage zipper pouch","","","kids|organization","2025-03-03T06:00:00Z","2025-03-26T11:00:00Z"
"2AD6EE8A-557E-44DC-ADD0-AE8FB8ABF1C8","37897616-6169-4612-8D59-162777EC3E11","Race car bodies","6","Check before buying duplicates.","kids|toys","2025-03-03T12:00:00Z","2025-03-26T15:00:00Z"
"71A035B1-8A33-417B-A87B-2482F0BB2E12","37897616-6169-4612-8D59-162777EC3E11","Magnetic tiles","52","Used most often during setup.","kids|toys","2025-03-03T18:00:00Z","2025-03-26T19:00:00Z"
"F2584207-D72E-4BEB-8B2D-0BE5F421B3A0","37897616-6169-4612-8D59-162777EC3E11","Ramp pieces","4","","kids|toys","2025-03-04T00:00:00Z","2025-03-26T23:00:00Z"
"8076E273-204C-41CB-ADFA-EE260AD2132E","37897616-6169-4612-8D59-162777EC3E11","Marble run tubes","20","","kids|toys","2025-03-04T06:00:00Z","2025-03-27T03:00:00Z"
"D6F9AF8D-4070-405A-BC6E-D0E08C609D74","99123417-4064-448A-86C7-3CA99FFEEE8A","Sketch pads","4","","kids|craft","2025-03-09T17:00:00Z","2025-04-02T19:00:00Z"
"A0AB4974-7039-4393-8C65-4493B3B9DA1C","99123417-4064-448A-86C7-3CA99FFEEE8A","Pom poms","60","","kids|craft","2025-03-09T23:00:00Z","2025-04-02T23:00:00Z"
"0D6C64A2-3473-4FA7-8025-D37695C0044B","99123417-4064-448A-86C7-3CA99FFEEE8A","Construction paper pack","3","","kids|craft","2025-03-10T05:00:00Z","2025-04-03T03:00:00Z"
"52E2A6E1-2E21-4CE8-97E5-DB20BB791C5C","99123417-4064-448A-86C7-3CA99FFEEE8A","Washable markers","24","","kids|craft","2025-03-10T11:00:00Z","2025-04-03T07:00:00Z"
"B9B107EB-DA01-4FB5-80D4-01909B3C81A8","99123417-4064-448A-86C7-3CA99FFEEE8A","Googly eyes","80","","kids|craft","2025-03-10T17:00:00Z","2025-04-03T11:00:00Z"
"B603274C-F39A-4738-A5A9-AB83A12E4010","99123417-4064-448A-86C7-3CA99FFEEE8A","Stamp pad","3","","kids|craft","2025-03-10T23:00:00Z","2025-04-03T15:00:00Z"
"F74417FB-A587-4E28-84E4-488EB7647166","99123417-4064-448A-86C7-3CA99FFEEE8A","Colored pencils","24","","kids|craft","2025-03-11T05:00:00Z","2025-04-03T19:00:00Z"
"519AE66E-1906-4618-86AC-221E9898569B","99123417-4064-448A-86C7-3CA99FFEEE8A","Foam stickers","4","","kids|craft","2025-03-11T11:00:00Z","2025-04-03T23:00:00Z"
"03BAB183-FCB2-4969-992B-2275C8E9C74B","99123417-4064-448A-86C7-3CA99FFEEE8A","Child scissors","3","","kids|craft","2025-03-11T17:00:00Z","2025-04-04T03:00:00Z"
"26246A52-DBFB-459A-A412-4109D63EED59","99123417-4064-448A-86C7-3CA99FFEEE8A","Shape punches","4","Check before buying duplicates.","kids|craft","2025-03-11T23:00:00Z","2025-04-04T07:00:00Z"
"9B2252F6-0E21-458D-9262-FCC5C67AC3EA","99123417-4064-448A-86C7-3CA99FFEEE8A","Pipe cleaners","50","","kids|craft","2025-03-12T05:00:00Z","2025-04-04T11:00:00Z"
"E2B0CE63-6998-4460-9593-AE10CB598D79","99123417-4064-448A-86C7-3CA99FFEEE8A","Watercolor tray","","","kids|paint","2025-03-12T11:00:00Z","2025-04-04T15:00:00Z"
"17B63ED5-6E08-49C2-A310-68B60909BD2F","99123417-4064-448A-86C7-3CA99FFEEE8A","Sticker paper","12","Check before buying duplicates.","kids|craft","2025-03-12T17:00:00Z","2025-04-04T19:00:00Z"
"701CFC90-D974-4674-890B-A791B80A1F0F","99123417-4064-448A-86C7-3CA99FFEEE8A","Brush pack","10","","kids|paint","2025-03-12T23:00:00Z","2025-04-04T23:00:00Z"
"81E9E61E-F13E-4135-A79F-CEB569827847","AA14BD17-C8F0-424C-BD2E-2736CDBB261D","Poker chips","40","","games|tabletop","2025-03-18T17:00:00Z","2025-04-11T19:00:00Z"
"A1F80D7A-4E4D-4ACE-A91D-DEA8BB26FDC2","AA14BD17-C8F0-424C-BD2E-2736CDBB261D","Playing cards","3","","games|cards","2025-03-18T23:00:00Z","2025-04-11T23:00:00Z"
"F03B8C99-6547-4805-9CC7-01147CF4DE39","AA14BD17-C8F0-424C-BD2E-2736CDBB261D","Chess pieces pouch","","","games|tabletop","2025-03-19T05:00:00Z","2025-04-12T03:00:00Z"
"AAF68A8F-F661-4FF1-AA0B-9D57ACA47722","AA14BD17-C8F0-424C-BD2E-2736CDBB261D","Magnetic travel checkers","6","Used most often during setup.","games|travel","2025-03-19T11:00:00Z","2025-04-12T07:00:00Z"
"B7BAC9F3-1FBF-4999-84FA-07F656BA88A1","AA14BD17-C8F0-424C-BD2E-2736CDBB261D","Checkers board","1","Check before buying duplicates.","games|tabletop","2025-03-19T17:00:00Z","2025-04-12T11:00:00Z"
"176A266A-D8BA-4792-961B-D6CB1A5F39BF","AA14BD17-C8F0-424C-BD2E-2736CDBB261D","Trivia cards","","","games|cards","2025-03-19T23:00:00Z","2025-04-12T15:00:00Z"
"F7450AB0-498F-4822-B269-F5BC97C24EFC","AA14BD17-C8F0-424C-BD2E-2736CDBB261D","Domino set","","","games|tabletop","2025-03-20T05:00:00Z","2025-04-12T19:00:00Z"
"EAC27D3E-68F5-4DB0-92C2-4BA60F2B89A1","AA14BD17-C8F0-424C-BD2E-2736CDBB261D","Sand timer","","Keep together with matching accessories.","games|supplies","2025-03-20T11:00:00Z","2025-04-12T23:00:00Z"
"D65E33E4-B4C2-434A-BE1F-D2B11CB790B6","83B11F3B-AAEB-4BEA-9462-BDCFE974691A","First aid refill pouch","1","","camping|safety","2025-03-27T17:00:00Z","2025-04-20T19:00:00Z"
"DAD0C320-AA35-4914-9C90-90F6A4055BD0","83B11F3B-AAEB-4BEA-9462-BDCFE974691A","Mess kit","6","","camping|kitchen","2025-03-27T23:00:00Z","2025-04-20T23:00:00Z"
"94DE698B-8750-45A7-83A8-1AEC7ECEA2A7","83B11F3B-AAEB-4BEA-9462-BDCFE974691A","Collapsible wash tub","","","camping|kitchen","2025-03-28T05:00:00Z","2025-04-21T03:00:00Z"
"DD8AA41C-FC1F-4147-BF54-66BBFCB42F43","83B11F3B-AAEB-4BEA-9462-BDCFE974691A","Roasting sticks","6","","camping|kitchen","2025-03-28T11:00:00Z","2025-04-21T07:00:00Z"
"9DAB2BBA-50B1-4394-9228-40CCFC47C1F2","0B0EE8F2-84E2-4F1C-B57A-5117391D91E7","Water shoes","2","","beach|swim","2025-04-05T17:00:00Z","2025-04-29T19:00:00Z"
"22839A73-A037-48F8-AEFD-F44623D485B5","0B0EE8F2-84E2-4F1C-B57A-5117391D91E7","After-sun lotion","3","Usually packed near the top.","beach|summer","2025-04-05T23:00:00Z","2025-04-29T23:00:00Z"
"B6529DE9-05C4-4642-91B2-5D5E2B8B3713","0B0EE8F2-84E2-4F1C-B57A-5117391D91E7","Compact first aid kit","","","beach|safety","2025-04-06T05:00:00Z","2025-04-30T03:00:00Z"
"1242AD31-CAB2-4107-9595-3F7176C5FF63","0B0EE8F2-84E2-4F1C-B57A-5117391D91E7","Goggles","4","","beach|swim","2025-04-06T11:00:00Z","2025-04-30T07:00:00Z"
"405B1625-EC27-4E53-870A-D0EA104E0C86","32339427-92D4-42E8-AE1A-BC0784DAE93C","Portable battery pack","2","","tech|power","2025-04-14T17:00:00Z","2025-05-08T19:00:00Z"
"4BE73FEB-FAEA-45BB-AEBD-35BF7C5BA069","32339427-92D4-42E8-AE1A-BC0784DAE93C","USB-C charging cables","8","Keep together with matching accessories.","tech|cables","2025-04-14T23:00:00Z","2025-05-08T23:00:00Z"
"69943ED9-BA6C-42B0-841D-67BEC3210C1B","32339427-92D4-42E8-AE1A-BC0784DAE93C","SD card case","","","tech|storage","2025-04-15T05:00:00Z","2025-05-09T03:00:00Z"
"9A838B23-1C40-4922-A5ED-B3A531078FB5","32339427-92D4-42E8-AE1A-BC0784DAE93C","Audio aux cable","3","","tech|audio","2025-04-15T11:00:00Z","2025-05-09T07:00:00Z"
"FA0E9815-209F-4F3C-8B7C-F2AF406F8A11","32339427-92D4-42E8-AE1A-BC0784DAE93C","Laptop charger","2","","tech|power","2025-04-15T17:00:00Z","2025-05-09T11:00:00Z"
"9244103B-6D0A-49DC-A120-DC979F4227A6","414A170C-EB9E-4712-B3FC-81342688311F","Tape measure","2","","tools|hardware","2025-04-23T17:00:00Z","2025-05-17T19:00:00Z"
"035C2C4E-9199-4D89-A264-BEF25AB13B7A","414A170C-EB9E-4712-B3FC-81342688311F","Magnetic bit holder","2","","tools|hardware","2025-04-23T23:00:00Z","2025-05-17T23:00:00Z"
"FAAA999A-6FA2-4F6A-B266-5521CC057C91","414A170C-EB9E-4712-B3FC-81342688311F","Hearing protection","","","tools|safety","2025-04-24T05:00:00Z","2025-05-18T03:00:00Z"
"240A1A05-0D41-4D37-9727-4F45C00A9CA4","414A170C-EB9E-4712-B3FC-81342688311F","Pocket hole screws","40","Good spare to have on hand.","tools|fasteners","2025-04-24T11:00:00Z","2025-05-18T07:00:00Z"
"D2D3AED1-B432-4C4A-A35C-09737744CF74","414A170C-EB9E-4712-B3FC-81342688311F","Driver bit set","","","tools|hardware","2025-04-24T17:00:00Z","2025-05-18T11:00:00Z"
"F336FD23-22CE-4DC2-AA13-4070AA05D416","22C0E21A-A8E2-40E7-8042-D02671C99177","Sandpaper sponge","6","Used most often during setup.","paint|supplies","2025-05-02T17:00:00Z","2025-05-26T19:00:00Z"
"DA717C77-85C7-4945-A530-4BE794C4DE69","22C0E21A-A8E2-40E7-8042-D02671C99177","Touch-up wall paint","3","","paint|storage","2025-05-02T23:00:00Z","2025-05-26T23:00:00Z"
"D52D4365-3ECA-4E0F-B57C-6E952098C253","22C0E21A-A8E2-40E7-8042-D02671C99177","Drop cloth","2","Usually packed near the top.","paint|diy","2025-05-03T05:00:00Z","2025-05-27T03:00:00Z"
"B7005F42-AAF4-4619-8178-F49BCDBABE66","1609B0D8-094E-44F7-BB21-50C30B7B1739","Small fabric scraps","12","","sewing|hobby","2025-05-11T17:00:00Z","2025-06-04T19:00:00Z"
"64235C38-7287-48F9-B8E7-1B2819D5837A","1609B0D8-094E-44F7-BB21-50C30B7B1739","Thimble","","","sewing|hobby","2025-05-11T23:00:00Z","2025-06-04T23:00:00Z"
"35A7DD46-6A2D-4DD4-A497-1050C9D3D150","1609B0D8-094E-44F7-BB21-50C30B7B1739","Embroidery hoop","","","sewing|hobby","2025-05-12T05:00:00Z","2025-06-05T03:00:00Z"
"8ABAD532-1632-47B9-9967-8C30B8CA8F68","1609B0D8-094E-44F7-BB21-50C30B7B1739","Straight pins","100","Good spare to have on hand.","sewing|hobby","2025-05-12T11:00:00Z","2025-06-05T07:00:00Z"
"2694A5FD-EB1E-4E4E-B017-E8476B4FA47D","1609B0D8-094E-44F7-BB21-50C30B7B1739","Iron-on patches","6","Good spare to have on hand.","sewing|repair","2025-05-12T17:00:00Z","2025-06-05T11:00:00Z"
"072AA021-D787-47F5-801A-1DA7FA9564DA","1609B0D8-094E-44F7-BB21-50C30B7B1739","Seam ripper","","","sewing|hobby","2025-05-12T23:00:00Z","2025-06-05T15:00:00Z"
"CB079F93-E9C2-4955-BF4F-03DC2B8FF227","5A784548-33EE-462A-90C0-AD7CBEB9BCA3","Bulb planter","","","garden|outdoor","2025-05-20T17:00:00Z","2025-06-13T19:00:00Z"
"31A13E45-8D30-4055-A123-C899C184A1E5","5A784548-33EE-462A-90C0-AD7CBEB9BCA3","Pruning shears","","","garden|outdoor","2025-05-20T23:00:00Z","2025-06-13T23:00:00Z"
"0AE7B366-F8AD-4C45-9E9F-2241DE5D7D66","5A784548-33EE-462A-90C0-AD7CBEB9BCA3","Mini nursery pots","14","Check before buying duplicates.","garden|outdoor","2025-05-21T05:00:00Z","2025-06-14T03:00:00Z"
"338809BB-7DAA-446D-B0D6-2D99748B22FB","5A784548-33EE-462A-90C0-AD7CBEB9BCA3","Spray bottle","2","Check before buying duplicates.","garden|outdoor","2025-05-21T11:00:00Z","2025-06-14T07:00:00Z"
"3E7DEAAC-C5E5-4752-94EA-BAE2CF2A3CF9","5A784548-33EE-462A-90C0-AD7CBEB9BCA3","Soil moisture meter","","","garden|outdoor","2025-05-21T17:00:00Z","2025-06-14T11:00:00Z"
"79844CB8-CAFF-4671-B8F0-00077CDC4408","5A784548-33EE-462A-90C0-AD7CBEB9BCA3","Gardening gloves","2","","garden|outdoor","2025-05-21T23:00:00Z","2025-06-14T15:00:00Z"
"3E9B9A6A-8CB1-43C5-BFBB-EE3B4F7F07AC","5A784548-33EE-462A-90C0-AD7CBEB9BCA3","Plant ties","30","","garden|outdoor","2025-05-22T05:00:00Z","2025-06-14T19:00:00Z"
"B3B7625D-843F-4596-B16F-0FC565A3DB1C","5A784548-33EE-462A-90C0-AD7CBEB9BCA3","Coco coir discs","8","Check before buying duplicates.","garden|outdoor","2025-05-22T11:00:00Z","2025-06-14T23:00:00Z"
"9894F22C-9BD6-40BD-A5B9-AF91B847980D","5A784548-33EE-462A-90C0-AD7CBEB9BCA3","Pot risers","6","","garden|outdoor","2025-05-22T17:00:00Z","2025-06-15T03:00:00Z"
"379E50EB-9DE2-4E7D-B4A5-93682BDDA341","33526A3A-B569-42D7-879C-AC2A6786230D","Small first aid pouch","","Used most often during setup.","pets|safety","2025-05-29T17:00:00Z","2025-06-22T19:00:00Z"
"D7C5BE70-B8F5-41DA-9B74-83EDE7D3940A","33526A3A-B569-42D7-879C-AC2A6786230D","Nail clippers","","","pets|care","2025-05-29T23:00:00Z","2025-06-22T23:00:00Z"
"1BF59A85-E0C5-4BB4-9E88-175130B1D0C8","33526A3A-B569-42D7-879C-AC2A6786230D","Food scoop","4","Used most often during setup.","pets|feeding","2025-05-30T05:00:00Z","2025-06-23T03:00:00Z"
"28AD131C-843D-4563-8CC9-C6EF5878C8F3","33526A3A-B569-42D7-879C-AC2A6786230D","Waste bag rolls","8","","pets|walks","2025-05-30T11:00:00Z","2025-06-23T07:00:00Z"
"90216F1F-3532-4807-AF93-DEDC1026FBDD","33526A3A-B569-42D7-879C-AC2A6786230D","Collapsible crate pad","","","pets|travel","2025-05-30T17:00:00Z","2025-06-23T11:00:00Z"
"DAD6D29A-C876-4A08-9A37-D56DE3021357","33526A3A-B569-42D7-879C-AC2A6786230D","Pet shampoo","","","pets|bath","2025-05-30T23:00:00Z","2025-06-23T15:00:00Z"
"22B69C68-808A-4D3D-9629-B887B802A35D","33526A3A-B569-42D7-879C-AC2A6786230D","Treat pouch","","Keep together with matching accessories.","pets|training","2025-05-31T05:00:00Z","2025-06-23T19:00:00Z"
"9CAD2463-2D1C-4A1B-A9BC-FA2F8747DFA1","7E1C26D0-CF49-47DA-8237-545C7C3C59B8","Reflective slap bands","4","","winter|safety","2025-06-07T17:00:00Z","2025-07-01T19:00:00Z"
"1F0B5B75-3AE2-4CC8-9340-61E86A393D01","7E1C26D0-CF49-47DA-8237-545C7C3C59B8","Hand warmers","20","","winter|supplies","2025-06-07T23:00:00Z","2025-07-01T23:00:00Z"
"324597A2-E64B-41C8-8875-C4C72BA8C515","7E1C26D0-CF49-47DA-8237-545C7C3C59B8","Thermal socks","6","","winter|clothing","2025-06-08T05:00:00Z","2025-07-02T03:00:00Z"
"A0F3D53A-7B6E-49AE-8B2E-832372BCA3B7","7E1C26D0-CF49-47DA-8237-545C7C3C59B8","Spare mitten labels","10","","winter|organization","2025-06-08T11:00:00Z","2025-07-02T07:00:00Z"
"20547B5F-22EF-4356-80AE-70B8C9C140F2","7E1C26D0-CF49-47DA-8237-545C7C3C59B8","Reusable hot packs","4","Check before buying duplicates.","winter|supplies","2025-06-08T17:00:00Z","2025-07-02T11:00:00Z"
"6D93DFD3-41C3-4FDC-A867-507A18AEF854","7E1C26D0-CF49-47DA-8237-545C7C3C59B8","Boot dryer packets","6","","winter|supplies","2025-06-08T23:00:00Z","2025-07-02T15:00:00Z"
"48F1A84D-923B-43E4-ACB5-BF39F80F31BA","7E1C26D0-CF49-47DA-8237-545C7C3C59B8","Ski goggles case","3","","winter|outdoor","2025-06-09T05:00:00Z","2025-07-02T19:00:00Z"
"166A9FED-33A8-42F5-8912-D7D290D4FBF8","7E1C26D0-CF49-47DA-8237-545C7C3C59B8","Glove clips","6","","winter|organization","2025-06-09T11:00:00Z","2025-07-02T23:00:00Z"
"0DDD7038-A232-4AC6-9932-BDF92D8AA3D8","7E1C26D0-CF49-47DA-8237-545C7C3C59B8","Wool scarves","5","Check before buying duplicates.","winter|clothing","2025-06-09T17:00:00Z","2025-07-03T03:00:00Z"
"2EFAEE32-3752-41BB-9625-566C5762449B","7E1C26D0-CF49-47DA-8237-545C7C3C59B8","Snow pants clips","4","","winter|clothing","2025-06-09T23:00:00Z","2025-07-03T07:00:00Z"
"01419DE3-C5BC-410B-A9B3-4F746BD4828E","7E1C26D0-CF49-47DA-8237-545C7C3C59B8","Snow boot laces","3","Check before buying duplicates.","winter|repair","2025-06-10T05:00:00Z","2025-07-03T11:00:00Z"
"BC4DB905-F81F-45F1-B4DB-8AD6BC47BE92","7E1C26D0-CF49-47DA-8237-545C7C3C59B8","Helmet liners","2","","winter|outdoor","2025-06-10T11:00:00Z","2025-07-03T15:00:00Z"
"B410D70A-1C7C-4501-98F4-F15C296BBF44","7E1C26D0-CF49-47DA-8237-545C7C3C59B8","Waterproof gloves","4","","winter|clothing","2025-06-10T17:00:00Z","2025-07-03T19:00:00Z"
"9094E8DA-6287-4194-A65F-A23342D3855B","7E1C26D0-CF49-47DA-8237-545C7C3C59B8","Spare beanies","3","","winter|clothing","2025-06-10T23:00:00Z","2025-07-03T23:00:00Z"
"0C475FFD-C00B-47A7-95A7-4A6D39A8C0D9","7E1C26D0-CF49-47DA-8237-545C7C3C59B8","Moisturizing lotion","3","Keep together with matching accessories.","winter|care","2025-06-11T05:00:00Z","2025-07-04T03:00:00Z"
"4819A53C-EFCC-413D-90C2-424E472C9327","7CF59A01-888E-4D7D-B1F2-4D7242AB801C","Baby teeth envelope","","Check before buying duplicates.","keepsake|memory","2025-06-16T17:00:00Z","2025-07-10T19:00:00Z"
"D306F5A4-14AE-4C19-84B1-B22349E79E10","7CF59A01-888E-4D7D-B1F2-4D7242AB801C","Lock of hair envelope","","","keepsake|memory","2025-06-16T23:00:00Z","2025-07-10T23:00:00Z"
"53DF8239-4B82-40F7-B7FC-7402110999A6","7CF59A01-888E-4D7D-B1F2-4D7242AB801C","First shoes","6","","keepsake|baby","2025-06-17T05:00:00Z","2025-07-11T03:00:00Z"
"5C0F309D-1F8A-456E-9811-4627EC112909","7CF59A01-888E-4D7D-B1F2-4D7242AB801C","Milestone cards","2","","keepsake|paper","2025-06-17T11:00:00Z","2025-07-11T07:00:00Z"
"4AC61E01-2580-4F31-AA78-6E6F138826E0","7CF59A01-888E-4D7D-B1F2-4D7242AB801C","Ultrasound prints","","","keepsake|paper","2025-06-17T17:00:00Z","2025-07-11T11:00:00Z"
"49B96EE4-F476-4040-B785-9A96627127E4","337BA64C-E7E9-4A5F-A84E-C78FFFDD6033","Emergency blanket","4","","emergency|safety","2025-06-25T17:00:00Z","2025-07-19T19:00:00Z"
"7A852AB3-66C1-43F2-8F05-2DCBDA523149","337BA64C-E7E9-4A5F-A84E-C78FFFDD6033","Multi-tool","","","emergency|tools","2025-06-25T23:00:00Z","2025-07-19T23:00:00Z"
"73EA94EF-48AC-43F2-A097-213EA25306CD","337BA64C-E7E9-4A5F-A84E-C78FFFDD6033","Battery radio","","","emergency|safety","2025-06-26T05:00:00Z","2025-07-20T03:00:00Z"
"44E650EF-7B4D-4EDF-9F57-221D3B36822B","337BA64C-E7E9-4A5F-A84E-C78FFFDD6033","Protein bars","10","","emergency|supplies","2025-06-26T11:00:00Z","2025-07-20T07:00:00Z"
"69E4F133-AB1D-4B93-93EE-02D34190EC1D","337BA64C-E7E9-4A5F-A84E-C78FFFDD6033","Phone charging cable","2","Keep together with matching accessories.","emergency|power","2025-06-26T17:00:00Z","2025-07-20T11:00:00Z"
"66EB429C-789E-4EEA-8E54-6CF36CB3A867","337BA64C-E7E9-4A5F-A84E-C78FFFDD6033","N95 masks","12","","emergency|medical","2025-06-26T23:00:00Z","2025-07-20T15:00:00Z"
"393B6700-E970-4D16-9DF1-781C6188C799","337BA64C-E7E9-4A5F-A84E-C78FFFDD6033","First aid kit","","","emergency|medical","2025-06-27T05:00:00Z","2025-07-20T19:00:00Z"
"9B83340B-8723-4E2E-902F-4BC70C25B436","337BA64C-E7E9-4A5F-A84E-C78FFFDD6033","AAA batteries","16","","emergency|power","2025-06-27T11:00:00Z","2025-07-20T23:00:00Z"
"EDE11EAC-8E1E-4E48-A9F8-DEE12428CB2A","337BA64C-E7E9-4A5F-A84E-C78FFFDD6033","Whistle","2","","emergency|safety","2025-06-27T17:00:00Z","2025-07-21T03:00:00Z"
"E6B2BE87-12A1-4C4D-A9FF-D154551CF048","337BA64C-E7E9-4A5F-A84E-C78FFFDD6033","Bottled water","12","","emergency|supplies","2025-06-27T23:00:00Z","2025-07-21T07:00:00Z"
"0BB2C587-C0AA-4D0A-AB6D-9B050595906F","337BA64C-E7E9-4A5F-A84E-C78FFFDD6033","Permanent marker","2","","emergency|supplies","2025-06-28T05:00:00Z","2025-07-21T11:00:00Z"
"C322E011-8DC5-4E4A-A49B-6BF7E947B821","337BA64C-E7E9-4A5F-A84E-C78FFFDD6033","Zip bags","12","","emergency|organization","2025-06-28T11:00:00Z","2025-07-21T15:00:00Z"
"4D6D1967-0C4E-4DBA-88BC-B4A73957D85C","337BA64C-E7E9-4A5F-A84E-C78FFFDD6033","Flashlights","4","","emergency|safety","2025-06-28T17:00:00Z","2025-07-21T19:00:00Z"
"297261A9-476C-4F1E-A8D4-16331C1D30DD","337BA64C-E7E9-4A5F-A84E-C78FFFDD6033","Portable power bank","","","emergency|power","2025-06-28T23:00:00Z","2025-07-21T23:00:00Z"